{"cameraMode":{"drawMode":0,"name":"Shaded","section":"Shading Mode"},"sceneLighting":true,"audioPlay":false,"sceneViewState":{"showFog":true,"showMaterialUpdate":false,"showSkybox":true,"showFlares":true,"showImageEffects":true,"showParticleSystems":true},"in2DMode":false,"pivot":{"x":-3.4799118041992189,"y":8.08159351348877,"z":2.838949203491211},"rotation":{"x":0.04915909096598625,"y":-0.027862682938575746,"z":0.0013721392024308444,"w":0.9984013438224793},"size":73.67616271972656,"orthographic":false}